{"cameraMode":{"drawMode":0,"name":"Shaded","section":"Shading Mode"},"sceneLighting":true,"audioPlay":false,"sceneViewState":{"m_AlwaysRefresh":false,"showFog":true,"showSkybox":true,"showFlares":true,"showImageEffects":true,"showParticleSystems":true,"showVisualEffectGraphs":true,"m_FxEnabled":true},"in2DMode":false,"pivot":{"x":4.141717910766602,"y":-0.0035479068756103517,"z":1.2658488750457764},"rotation":{"x":0.2227461040019989,"y":0.22714392840862275,"z":-0.05346488207578659,"w":0.9466416239738464},"size":3.041613817214966,"orthographic":false}