{"cameraMode":{"drawMode":0,"name":"Shaded","section":"Shading Mode"},"sceneLighting":true,"audioPlay":false,"sceneViewState":{"m_AlwaysRefresh":false,"showFog":true,"showSkybox":true,"showFlares":true,"showImageEffects":true,"showParticleSystems":true,"showVisualEffectGraphs":true,"m_FxEnabled":true},"in2DMode":false,"pivot":{"x":2.7787747383117677,"y":-0.6925604343414307,"z":-8.691746711730957},"rotation":{"x":0.027288684621453286,"y":0.9667142033576965,"z":-0.11656387895345688,"w":0.22624430060386659},"size":5.257757186889648,"orthographic":false}